{"options":{"summaryTrendStats":["avg","min","med","max","p(90)","p(95)"],"summaryTimeUnit":"","noColor":true},"state":{"testRunDurationMs":62593.086606,"isStdOutTTY":true,"isStdErrTTY":true},"metrics":{"checks":{"type":"rate","contains":"default","values":{"fails":0,"rate":1,"passes":132719}},"http_req_sending":{"type":"trend","contains":"time","values":{"avg":0.0429613089470715,"min":0.004619,"med":0.02772,"max":11.041063,"p(90)":0.0637222,"p(95)":0.0807222}},"http_req_failed":{"values":{"rate":0,"passes":0,"fails":26545},"type":"rate","contains":"default"},"http_reqs":{"type":"counter","contains":"default","values":{"count":26545,"rate":424.08836884959544}},"http_req_waiting":{"contains":"time","values":{"med":3.593482,"max":77.014682,"p(90)":39.39231540000013,"p(95)":54.933021999999994,"avg":9.224551473761572,"min":0.326883},"type":"trend"},"http_req_duration{expected_response:true}":{"type":"trend","contains":"time","values":{"p(90)":39.953219400000066,"p(95)":55.15611499999999,"avg":9.434074946543582,"min":0.35449,"med":3.755498,"max":78.709991}},"http_req_blocked":{"type":"trend","contains":"time","values":{"p(90)":0.015922000000000013,"p(95)":0.020125999999999995,"avg":0.016532686645319216,"min":0.000903,"med":0.006664,"max":10.332959}},"http_req_connecting":{"type":"trend","contains":"time","values":{"avg":0.0045826783575061225,"min":0,"med":0,"max":5.128616,"p(90)":0,"p(95)":0}},"iterations":{"values":{"count":127,"rate":2.028978069086405},"type":"counter","contains":"default"},"vus_max":{"values":{"value":10,"min":10,"max":10},"type":"gauge","contains":"default"},"http_req_tls_handshaking":{"values":{"avg":0,"min":0,"med":0,"max":0,"p(90)":0,"p(95)":0},"type":"trend","contains":"time"},"iteration_duration":{"type":"trend","contains":"time","values":{"med":2432.369928,"max":4399.045805,"p(90)":4011.6663252000003,"p(95)":4145.6927324,"avg":2456.6469779689933,"min":0.080118}},"data_sent":{"type":"counter","contains":"data","values":{"count":4196919,"rate":67050.83943883501}},"http_req_receiving":{"type":"trend","contains":"time","values":{"max":54.586191,"p(90)":0.18405840000000004,"p(95)":0.2548194,"avg":0.1665621638349967,"min":0.011805,"med":0.077797}},"http_req_duration":{"contains":"time","values":{"p(95)":55.15611499999999,"avg":9.434074946543582,"min":0.35449,"med":3.755498,"max":78.709991,"p(90)":39.953219400000066},"type":"trend"},"vus":{"type":"gauge","contains":"default","values":{"value":5,"min":1,"max":9}},"data_received":{"type":"counter","contains":"data","values":{"count":5988949,"rate":95680.67856596029}}},"root_group":{"checks":[{"path":"::expected response status to equal 200","id":"60796b7f9d67706f0746821712a32022","passes":26543,"fails":0,"name":"expected response status to equal 200"},{"path":"::has valid json body","id":"5cd90c94f901ba298540c526c7ce31d5","passes":26543,"fails":0,"name":"has valid json body"},{"fails":0,"name":"firstname is set","path":"::firstname is set","id":"8a248146e1558ce728315f6e08896cee","passes":26543},{"fails":0,"name":"lastname is set","path":"::lastname is set","id":"bba21d23b69ee0aaa48f81d4443e2062","passes":26543},{"passes":26543,"fails":0,"name":"msg contains Hello firstname lastname!","path":"::msg contains Hello firstname lastname!","id":"c10ca0c68d09f90fccb0ec3d54ec1b65"}],"name":"","path":"","id":"d41d8cd98f00b204e9800998ecf8427e","groups":[{"name":"setup","path":"::setup","id":"5c0f8025f7e0b6654089e5b00e950f1a","groups":[],"checks":[{"passes":2,"fails":0,"name":"expected response status to equal 200","path":"::setup::expected response status to equal 200","id":"1b761739da7240025a255c32465a84eb"},{"name":"has valid json body","path":"::setup::has valid json body","id":"64d071d60988e72553c032755d8be6cd","passes":2,"fails":0}]},{"checks":[],"name":"teardown","path":"::teardown","id":"a8a9942382e8ffe2e56ef29e664b8229","groups":[]}]}}