{"state":{"isStdOutTTY":true,"isStdErrTTY":true,"testRunDurationMs":61276.114773},"metrics":{"http_req_blocked":{"type":"trend","contains":"time","values":{"max":22.517734,"p(90)":0.016329,"p(95)":0.020854299999999996,"avg":0.022682393539769263,"min":0.000812,"med":0.005839}},"http_req_sending":{"values":{"min":0.003885,"med":0.025918,"max":25.400028,"p(90)":0.06842039999999999,"p(95)":0.0915623,"avg":0.06100299715847007},"type":"trend","contains":"time"},"http_req_failed":{"contains":"default","values":{"fails":41175,"rate":0,"passes":0},"type":"rate"},"http_req_duration{expected_response:true}":{"type":"trend","contains":"time","values":{"min":0.176072,"med":2.170281,"max":99.597891,"p(90)":7.348824399999998,"p(95)":12.827022899999928,"avg":3.8017149046265706}},"checks":{"type":"rate","contains":"default","values":{"rate":1,"passes":205869,"fails":0}},"http_reqs":{"values":{"count":41175,"rate":671.9583993295684},"type":"counter","contains":"default"},"http_req_waiting":{"type":"trend","contains":"time","values":{"p(95)":12.110467599999996,"avg":3.5920816900789156,"min":0.157092,"med":2.006984,"max":99.457439,"p(90)":6.834429599999997}},"iteration_duration":{"type":"trend","contains":"time","values":{"p(95)":2856.638145,"avg":1539.4913622462307,"min":0.145568,"med":1429.942005,"max":3151.286305,"p(90)":2771.1929876}},"http_req_duration":{"type":"trend","contains":"time","values":{"p(95)":12.827022899999928,"avg":3.8017149046265706,"min":0.176072,"med":2.170281,"max":99.597891,"p(90)":7.348824399999998}},"http_req_connecting":{"contains":"time","values":{"max":22.278829,"p(90)":0,"p(95)":0,"avg":0.00882472264723741,"min":0,"med":0},"type":"trend"},"http_req_receiving":{"type":"trend","contains":"time","values":{"avg":0.14863021738919274,"min":0.007824,"med":0.063666,"max":32.824618,"p(90)":0.18435239999999997,"p(95)":0.2952326}},"data_received":{"type":"counter","contains":"data","values":{"count":11781289,"rate":192265.60044879297}},"vus":{"values":{"min":1,"max":9,"value":4},"type":"gauge","contains":"default"},"data_sent":{"type":"counter","contains":"data","values":{"count":6427719,"rate":104897.6264864664}},"iterations":{"type":"counter","contains":"default","values":{"count":197,"rate":3.214955790356405}},"vus_max":{"values":{"value":10,"min":10,"max":10},"type":"gauge","contains":"default"},"http_req_tls_handshaking":{"type":"trend","contains":"time","values":{"med":0,"max":0,"p(90)":0,"p(95)":0,"avg":0,"min":0}}},"root_group":{"groups":[{"checks":[{"name":"expected response status to equal 200","path":"::setup::expected response status to equal 200","id":"1b761739da7240025a255c32465a84eb","passes":2,"fails":0},{"name":"has valid json body","path":"::setup::has valid json body","id":"64d071d60988e72553c032755d8be6cd","passes":2,"fails":0}],"name":"setup","path":"::setup","id":"5c0f8025f7e0b6654089e5b00e950f1a","groups":[]},{"name":"teardown","path":"::teardown","id":"a8a9942382e8ffe2e56ef29e664b8229","groups":[],"checks":[]}],"checks":[{"name":"expected response status to equal 200","path":"::expected response status to equal 200","id":"60796b7f9d67706f0746821712a32022","passes":41173,"fails":0},{"passes":41173,"fails":0,"name":"has valid json body","path":"::has valid json body","id":"5cd90c94f901ba298540c526c7ce31d5"},{"name":"firstname is set","path":"::firstname is set","id":"8a248146e1558ce728315f6e08896cee","passes":41173,"fails":0},{"name":"lastname is set","path":"::lastname is set","id":"bba21d23b69ee0aaa48f81d4443e2062","passes":41173,"fails":0},{"name":"msg contains Hello firstname lastname!","path":"::msg contains Hello firstname lastname!","id":"c10ca0c68d09f90fccb0ec3d54ec1b65","passes":41173,"fails":0}],"name":"","path":"","id":"d41d8cd98f00b204e9800998ecf8427e"},"options":{"summaryTrendStats":["avg","min","med","max","p(90)","p(95)"],"summaryTimeUnit":"","noColor":true}}